Workbook

Sheet Débiteurs
A1: Suivi des personnes qui me doivent de l'argent
A2: Remplissez les cellules jaunes (une ligne par dette). Les colonnes grises se calculent toutes seules. La ligne 5 est un exemple : remplacez-la ou supprimez-la.
A4: Nom | B4: Contact (tél / email) | C4: Motif | D4: Date du prêt | E4: Montant prêté (€) | F4: Déjà remboursé (€) | G4: Reste dû (€) | H4: Échéance | I4: Jours de retard | J4: Statut | K4: Notes
A5: Exemple : Julien Martin | B5: 06 12 34 56 78 | C5: Avance pour le loyer | D5: 46188 | E5: 500 | F5: 200 | G5: =IF(E5="","",E5-N(F5)) | H5: 46266 | I5: =IF(OR(E5="",H5="",G5<=0),"",MAX(0,TODAY()-H5)) | J5: =IF(E5="","",IF(G5<=0,"Remboursé",IF(AND(H5<>"",TODAY()>H5),"En retard",IF(N(F5)>0,"Partiel","En cours")))) | K5: A promis de rembourser fin octobre
G6: =IF(E6="","",E6-N(F6)) | I6: =IF(OR(E6="",H6="",G6<=0),"",MAX(0,TODAY()-H6)) | J6: =IF(E6="","",IF(G6<=0,"Remboursé",IF(AND(H6<>"",TODAY()>H6),"En retard",IF(N(F6)>0,"Partiel","En cours"))))
G7: =IF(E7="","",E7-N(F7)) | I7: =IF(OR(E7="",H7="",G7<=0),"",MAX(0,TODAY()-H7)) | J7: =IF(E7="","",IF(G7<=0,"Remboursé",IF(AND(H7<>"",TODAY()>H7),"En retard",IF(N(F7)>0,"Partiel","En cours"))))
G8: =IF(E8="","",E8-N(F8)) | I8: =IF(OR(E8="",H8="",G8<=0),"",MAX(0,TODAY()-H8)) | J8: =IF(E8="","",IF(G8<=0,"Remboursé",IF(AND(H8<>"",TODAY()>H8),"En retard",IF(N(F8)>0,"Partiel","En cours"))))
G9: =IF(E9="","",E9-N(F9)) | I9: =IF(OR(E9="",H9="",G9<=0),"",MAX(0,TODAY()-H9)) | J9: =IF(E9="","",IF(G9<=0,"Remboursé",IF(AND(H9<>"",TODAY()>H9),"En retard",IF(N(F9)>0,"Partiel","En cours"))))
G10: =IF(E10="","",E10-N(F10)) | I10: =IF(OR(E10="",H10="",G10<=0),"",MAX(0,TODAY()-H10)) | J10: =IF(E10="","",IF(G10<=0,"Remboursé",IF(AND(H10<>"",TODAY()>H10),"En retard",IF(N(F10)>0,"Partiel","En cours"))))
G11: =IF(E11="","",E11-N(F11)) | I11: =IF(OR(E11="",H11="",G11<=0),"",MAX(0,TODAY()-H11)) | J11: =IF(E11="","",IF(G11<=0,"Remboursé",IF(AND(H11<>"",TODAY()>H11),"En retard",IF(N(F11)>0,"Partiel","En cours"))))
G12: =IF(E12="","",E12-N(F12)) | I12: =IF(OR(E12="",H12="",G12<=0),"",MAX(0,TODAY()-H12)) | J12: =IF(E12="","",IF(G12<=0,"Remboursé",IF(AND(H12<>"",TODAY()>H12),"En retard",IF(N(F12)>0,"Partiel","En cours"))))
G13: =IF(E13="","",E13-N(F13)) | I13: =IF(OR(E13="",H13="",G13<=0),"",MAX(0,TODAY()-H13)) | J13: =IF(E13="","",IF(G13<=0,"Remboursé",IF(AND(H13<>"",TODAY()>H13),"En retard",IF(N(F13)>0,"Partiel","En cours"))))
G14: =IF(E14="","",E14-N(F14)) | I14: =IF(OR(E14="",H14="",G14<=0),"",MAX(0,TODAY()-H14)) | J14: =IF(E14="","",IF(G14<=0,"Remboursé",IF(AND(H14<>"",TODAY()>H14),"En retard",IF(N(F14)>0,"Partiel","En cours"))))
G15: =IF(E15="","",E15-N(F15)) | I15: =IF(OR(E15="",H15="",G15<=0),"",MAX(0,TODAY()-H15)) | J15: =IF(E15="","",IF(G15<=0,"Remboursé",IF(AND(H15<>"",TODAY()>H15),"En retard",IF(N(F15)>0,"Partiel","En cours"))))
G16: =IF(E16="","",E16-N(F16)) | I16: =IF(OR(E16="",H16="",G16<=0),"",MAX(0,TODAY()-H16)) | J16: =IF(E16="","",IF(G16<=0,"Remboursé",IF(AND(H16<>"",TODAY()>H16),"En retard",IF(N(F16)>0,"Partiel","En cours"))))
G17: =IF(E17="","",E17-N(F17)) | I17: =IF(OR(E17="",H17="",G17<=0),"",MAX(0,TODAY()-H17)) | J17: =IF(E17="","",IF(G17<=0,"Remboursé",IF(AND(H17<>"",TODAY()>H17),"En retard",IF(N(F17)>0,"Partiel","En cours"))))
... G104: =IF(E104="","",E104-N(F104)) | I104: =IF(OR(E104="",H104="",G104<=0),"",MAX(0,TODAY()-H104)) | J104: =IF(E104="","",IF(G104<=0,"Remboursé",IF(AND(H104<>"",TODAY()>H104),"En retard",IF(N(F104)>0,"Partiel","En cours"))))

Sheet Résumé
A1: Résumé
A3: Total prêté | B3: =SUM('Débiteurs'!E5:E104)
A4: Total déjà remboursé | B4: =SUM('Débiteurs'!F5:F104)
A5: Total restant dû | B5: =SUMIF('Débiteurs'!G5:G104,">0")
A6: Dont en retard | B6: =SUMIF('Débiteurs'!J5:J104,"En retard",'Débiteurs'!G5:G104)
A7: Taux de remboursement | B7: =IF(B3=0,0,B4/B3)
A9: Nombre de dettes en cours | B9: =COUNTIF('Débiteurs'!J5:J104,"En cours")+COUNTIF('Débiteurs'!J5:J104,"Partiel")
A10: Nombre de dettes en retard | B10: =COUNTIF('Débiteurs'!J5:J104,"En retard")
A11: Nombre de dettes remboursées | B11: =COUNTIF('Débiteurs'!J5:J104,"Remboursé")
A12: Plus gros montant restant dû | B12: =MAX(0,MAX('Débiteurs'!G5:G104))
A13: … dû par | B13: =IF(B12<=0,"-",INDEX('Débiteurs'!A5:A104,MATCH(B12,'Débiteurs'!G5:G104,0)))
A15: Tout est calculé automatiquement à partir de l'onglet « Débiteurs ».
